temperature_K,bias_V,anode_conduction_current_A,operating_regime,state,fluence_neq_cm-2,active_acceptor_fraction,beta_e_cm2_per_ns,beta_h_cm2_per_ns,charge_MPV_fC,charge_median_fC,charge_p16_fC,charge_p84_fC,events,map
253.0,450.0,-5.049e-10,stable,D0_undamaged,0.0,1.0,0.0,0.0,4.7309924636025436,5.580766315650855,4.417380429788797,7.96856465393196,10000,LGAD_V4_3_N590_OperatingScan/outputs/tcad_maps/T253_V450/n590_T253_V450_map.csv
253.0,470.0,-3.659e-09,stable,D0_undamaged,0.0,1.0,0.0,0.0,5.223365977020942,6.160025055847395,4.876115568904583,8.794578189517125,10000,LGAD_V4_3_N590_OperatingScan/outputs/tcad_maps/T253_V470/n590_T253_V470_map.csv
253.0,490.0,-3.977e-11,stable,D0_undamaged,0.0,1.0,0.0,0.0,6.065344224055101,7.151985685610347,5.659345904515704,10.209838229794483,10000,LGAD_V4_3_N590_OperatingScan/outputs/tcad_maps/T253_V490/n590_T253_V490_map.csv
253.0,510.0,-8e-11,stable,D0_undamaged,0.0,1.0,0.0,0.0,6.685562462552254,7.881978780902778,6.23755109607449,11.253664947835698,10000,LGAD_V4_3_N590_OperatingScan/outputs/tcad_maps/T253_V510/n590_T253_V510_map.csv
253.0,530.0,-5.055e-11,stable,D0_undamaged,0.0,1.0,0.0,0.0,7.612387180490398,8.972342392476694,7.100676308357371,12.812462908419104,10000,LGAD_V4_3_N590_OperatingScan/outputs/tcad_maps/T253_V530/n590_T253_V530_map.csv
253.0,550.0,-3.796e-10,stable,D0_undamaged,0.0,1.0,0.0,0.0,8.466462831286519,9.977221074097383,7.895994782701857,14.246432802212352,10000,LGAD_V4_3_N590_OperatingScan/outputs/tcad_maps/T253_V550/n590_T253_V550_map.csv
253.0,570.0,-0.1089,breakdown,D0_undamaged,0.0,1.0,0.0,0.0,5.2867006332986,6.234860851816707,4.93567583132388,8.903285635020257,10000,LGAD_V4_3_N590_OperatingScan/outputs/tcad_maps/T253_V570/n590_T253_V570_map.csv
253.0,590.0,-0.1308,breakdown,D0_undamaged,0.0,1.0,0.0,0.0,5.287330492373712,6.2359879134306,4.936397178465718,8.904450470364798,10000,LGAD_V4_3_N590_OperatingScan/outputs/tcad_maps/T253_V590/n590_T253_V590_map.csv
253.0,610.0,-0.1528,breakdown,D0_undamaged,0.0,1.0,0.0,0.0,5.288217279230863,6.237987238213124,4.93764539516966,8.907180683162975,10000,LGAD_V4_3_N590_OperatingScan/outputs/tcad_maps/T253_V610/n590_T253_V610_map.csv
253.0,450.0,-5.049e-10,stable,D1_low,500000000000000.0,0.9,5e-16,7e-16,3.471253375238674,4.086850342552723,3.236050005924136,5.835376851066181,10000,LGAD_V4_3_N590_OperatingScan/outputs/tcad_maps/T253_V450/n590_T253_V450_map.csv
253.0,470.0,-3.659e-09,stable,D1_low,500000000000000.0,0.9,5e-16,7e-16,3.793997082677361,4.466684210918081,3.5365496278087165,6.378265345767816,10000,LGAD_V4_3_N590_OperatingScan/outputs/tcad_maps/T253_V470/n590_T253_V470_map.csv
253.0,490.0,-3.977e-11,stable,D1_low,500000000000000.0,0.9,5e-16,7e-16,4.338519604655017,5.107450137780823,4.043583907418988,7.29338780499726,10000,LGAD_V4_3_N590_OperatingScan/outputs/tcad_maps/T253_V490/n590_T253_V490_map.csv
253.0,510.0,-8e-11,stable,D1_low,500000000000000.0,0.9,5e-16,7e-16,4.735207715059383,5.573938546910723,4.412527113947558,7.96111155893178,10000,LGAD_V4_3_N590_OperatingScan/outputs/tcad_maps/T253_V510/n590_T253_V510_map.csv
253.0,530.0,-5.055e-11,stable,D1_low,500000000000000.0,0.9,5e-16,7e-16,5.320837854707503,6.263563355142553,4.958213074115025,8.945701456420244,10000,LGAD_V4_3_N590_OperatingScan/outputs/tcad_maps/T253_V530/n590_T253_V530_map.csv
253.0,550.0,-3.796e-10,stable,D1_low,500000000000000.0,0.9,5e-16,7e-16,5.854472502266097,6.892212244870478,5.4541574104921455,9.842903425917111,10000,LGAD_V4_3_N590_OperatingScan/outputs/tcad_maps/T253_V550/n590_T253_V550_map.csv
253.0,570.0,-0.1089,breakdown,D1_low,500000000000000.0,0.9,5e-16,7e-16,3.8400107336747107,4.521645944245229,3.579923200024973,6.456053147516012,10000,LGAD_V4_3_N590_OperatingScan/outputs/tcad_maps/T253_V570/n590_T253_V570_map.csv
253.0,590.0,-0.1308,breakdown,D1_low,500000000000000.0,0.9,5e-16,7e-16,3.8411702046075193,4.5233483913958885,3.5811937828489118,6.458265672558586,10000,LGAD_V4_3_N590_OperatingScan/outputs/tcad_maps/T253_V590/n590_T253_V590_map.csv
253.0,610.0,-0.1528,breakdown,D1_low,500000000000000.0,0.9,5e-16,7e-16,3.8424487469260913,4.525497859828694,3.583018471357274,6.461155705601185,10000,LGAD_V4_3_N590_OperatingScan/outputs/tcad_maps/T253_V610/n590_T253_V610_map.csv
253.0,450.0,-5.049e-10,stable,D2_medium_low,1000000000000000.0,0.8,5e-16,7e-16,2.5569171239551345,3.0102732976550874,2.384602804768623,4.301154650126754,10000,LGAD_V4_3_N590_OperatingScan/outputs/tcad_maps/T253_V450/n590_T253_V450_map.csv
253.0,470.0,-3.659e-09,stable,D2_medium_low,1000000000000000.0,0.8,5e-16,7e-16,2.7675915187519253,3.2571303942883327,2.5801879765314215,4.650335295136023,10000,LGAD_V4_3_N590_OperatingScan/outputs/tcad_maps/T253_V470/n590_T253_V470_map.csv
253.0,490.0,-3.977e-11,stable,D2_medium_low,1000000000000000.0,0.8,5e-16,7e-16,3.1180462902899637,3.6680408036625574,2.905609348489118,5.237901807961993,10000,LGAD_V4_3_N590_OperatingScan/outputs/tcad_maps/T253_V490/n590_T253_V490_map.csv
253.0,510.0,-8e-11,stable,D2_medium_low,1000000000000000.0,0.8,5e-16,7e-16,3.3705163967932767,3.963835947367179,3.1403003580823037,5.66143245803034,10000,LGAD_V4_3_N590_OperatingScan/outputs/tcad_maps/T253_V510/n590_T253_V510_map.csv
253.0,530.0,-5.055e-11,stable,D2_medium_low,1000000000000000.0,0.8,5e-16,7e-16,3.73874092768279,4.396183910578345,3.4817664811706406,6.2808993409688645,10000,LGAD_V4_3_N590_OperatingScan/outputs/tcad_maps/T253_V530/n590_T253_V530_map.csv
253.0,550.0,-3.796e-10,stable,D2_medium_low,1000000000000000.0,0.8,5e-16,7e-16,4.070434110088078,4.785485096350278,3.7894906881053587,6.834367404782233,10000,LGAD_V4_3_N590_OperatingScan/outputs/tcad_maps/T253_V550/n590_T253_V550_map.csv
253.0,570.0,-0.1089,breakdown,D2_medium_low,1000000000000000.0,0.8,5e-16,7e-16,2.801465953521014,3.296752023137987,2.6114902587721103,4.7066839093923525,10000,LGAD_V4_3_N590_OperatingScan/outputs/tcad_maps/T253_V570/n590_T253_V570_map.csv
253.0,590.0,-0.1308,breakdown,D2_medium_low,1000000000000000.0,0.8,5e-16,7e-16,2.802813354724393,3.29841715238501,2.612828100912641,4.709259432899656,10000,LGAD_V4_3_N590_OperatingScan/outputs/tcad_maps/T253_V590/n590_T253_V590_map.csv
253.0,610.0,-0.1528,breakdown,D2_medium_low,1000000000000000.0,0.8,5e-16,7e-16,2.8041489661089765,3.3006518756175796,2.6144130073594116,4.712707018829469,10000,LGAD_V4_3_N590_OperatingScan/outputs/tcad_maps/T253_V610/n590_T253_V610_map.csv
253.0,450.0,-5.049e-10,stable,D3_medium,1500000000000000.0,0.7,5e-16,7e-16,1.8901282723864339,2.2341032406335763,1.7693854717183368,3.1885873110093677,10000,LGAD_V4_3_N590_OperatingScan/outputs/tcad_maps/T253_V450/n590_T253_V450_map.csv
253.0,470.0,-3.659e-09,stable,D3_medium,1500000000000000.0,0.7,5e-16,7e-16,2.0255580053986906,2.3925708658703506,1.8949398532833956,3.41609107017612,10000,LGAD_V4_3_N590_OperatingScan/outputs/tcad_maps/T253_V470/n590_T253_V470_map.csv
253.0,490.0,-3.977e-11,stable,D3_medium,1500000000000000.0,0.7,5e-16,7e-16,2.2476822416085147,2.6524858501156143,2.1009949459293904,3.790407376241491,10000,LGAD_V4_3_N590_OperatingScan/outputs/tcad_maps/T253_V490/n590_T253_V490_map.csv
253.0,510.0,-8e-11,stable,D3_medium,1500000000000000.0,0.7,5e-16,7e-16,2.4059797448417655,2.8376857579303643,2.2479079186294264,4.055406788249371,10000,LGAD_V4_3_N590_OperatingScan/outputs/tcad_maps/T253_V510/n590_T253_V510_map.csv
253.0,530.0,-5.055e-11,stable,D3_medium,1500000000000000.0,0.7,5e-16,7e-16,2.6339552702846145,3.105483015396743,2.459512844024704,4.435376268875553,10000,LGAD_V4_3_N590_OperatingScan/outputs/tcad_maps/T253_V530/n590_T253_V530_map.csv
253.0,550.0,-3.796e-10,stable,D3_medium,1500000000000000.0,0.7,5e-16,7e-16,2.8370272150266684,3.3431256056305383,2.648518323663042,4.775841003904697,10000,LGAD_V4_3_N590_OperatingScan/outputs/tcad_maps/T253_V550/n590_T253_V550_map.csv
253.0,570.0,-0.1089,breakdown,D3_medium,1500000000000000.0,0.7,5e-16,7e-16,2.0500463605256303,2.4212027943324927,1.9173984447386572,3.4568028369528756,10000,LGAD_V4_3_N590_OperatingScan/outputs/tcad_maps/T253_V570/n590_T253_V570_map.csv
253.0,590.0,-0.1308,breakdown,D3_medium,1500000000000000.0,0.7,5e-16,7e-16,2.051356694768365,2.4227664288934556,1.918655540954487,3.4590190879261176,10000,LGAD_V4_3_N590_OperatingScan/outputs/tcad_maps/T253_V590/n590_T253_V590_map.csv
253.0,610.0,-0.1528,breakdown,D3_medium,1500000000000000.0,0.7,5e-16,7e-16,2.0526297546871937,2.4244232130337178,1.920107191597636,3.461361741539516,10000,LGAD_V4_3_N590_OperatingScan/outputs/tcad_maps/T253_V610/n590_T253_V610_map.csv
253.0,450.0,-5.049e-10,stable,D4_medium_high,2000000000000000.0,0.6,5e-16,7e-16,1.4058539771625767,1.669091911142818,1.3228329892727537,2.379964727525247,10000,LGAD_V4_3_N590_OperatingScan/outputs/tcad_maps/T253_V450/n590_T253_V450_map.csv
253.0,470.0,-3.659e-09,stable,D4_medium_high,2000000000000000.0,0.6,5e-16,7e-16,1.4915437658608153,1.7690539414210638,1.4023445880831282,2.522847478445244,10000,LGAD_V4_3_N590_OperatingScan/outputs/tcad_maps/T253_V470/n590_T253_V470_map.csv
253.0,490.0,-3.977e-11,stable,D4_medium_high,2000000000000000.0,0.6,5e-16,7e-16,1.6300481997302947,1.9318396884188975,1.5307899928278914,2.7552356964359204,10000,LGAD_V4_3_N590_OperatingScan/outputs/tcad_maps/T253_V490/n590_T253_V490_map.csv
253.0,510.0,-8e-11,stable,D4_medium_high,2000000000000000.0,0.6,5e-16,7e-16,1.7277132334447196,2.0464450443767754,1.6212756822304326,2.9204214158847592,10000,LGAD_V4_3_N590_OperatingScan/outputs/tcad_maps/T253_V510/n590_T253_V510_map.csv
253.0,530.0,-5.055e-11,stable,D4_medium_high,2000000000000000.0,0.6,5e-16,7e-16,1.8665517560613885,2.209617213741712,1.750369012637147,3.153127171686717,10000,LGAD_V4_3_N590_OperatingScan/outputs/tcad_maps/T253_V530/n590_T253_V530_map.csv
253.0,550.0,-3.796e-10,stable,D4_medium_high,2000000000000000.0,0.6,5e-16,7e-16,1.9888528831381218,2.3529465042049402,1.863996968118372,3.3590820566929027,10000,LGAD_V4_3_N590_OperatingScan/outputs/tcad_maps/T253_V550/n590_T253_V550_map.csv
253.0,570.0,-0.1089,breakdown,D4_medium_high,2000000000000000.0,0.6,5e-16,7e-16,1.509156496726933,1.789185960282878,1.4183301191911626,2.551843302353715,10000,LGAD_V4_3_N590_OperatingScan/outputs/tcad_maps/T253_V570/n590_T253_V570_map.csv
253.0,590.0,-0.1308,breakdown,D4_medium_high,2000000000000000.0,0.6,5e-16,7e-16,1.5103297339765422,1.7905385985314815,1.41942329880294,2.5537918694000834,10000,LGAD_V4_3_N590_OperatingScan/outputs/tcad_maps/T253_V590/n590_T253_V590_map.csv
253.0,610.0,-0.1528,breakdown,D4_medium_high,2000000000000000.0,0.6,5e-16,7e-16,1.5114560037848674,1.7919477803108617,1.4205815852714303,2.555939820795772,10000,LGAD_V4_3_N590_OperatingScan/outputs/tcad_maps/T253_V610/n590_T253_V610_map.csv
253.0,450.0,-5.049e-10,stable,D5_high,2500000000000000.0,0.5,5e-16,7e-16,1.056578063805865,1.258600211318047,0.9978200907081609,1.7907068429276376,10000,LGAD_V4_3_N590_OperatingScan/outputs/tcad_maps/T253_V450/n590_T253_V450_map.csv
253.0,470.0,-3.659e-09,stable,D5_high,2500000000000000.0,0.5,5e-16,7e-16,1.1080169681829453,1.3205645669635475,1.0469295598049124,1.8803632044698466,10000,LGAD_V4_3_N590_OperatingScan/outputs/tcad_maps/T253_V470/n590_T253_V470_map.csv
253.0,490.0,-3.977e-11,stable,D5_high,2500000000000000.0,0.5,5e-16,7e-16,1.1902104980358015,1.4192168580597808,1.124963281655314,2.0213823168164304,10000,LGAD_V4_3_N590_OperatingScan/outputs/tcad_maps/T253_V490/n590_T253_V490_map.csv
253.0,510.0,-8e-11,stable,D5_high,2500000000000000.0,0.5,5e-16,7e-16,1.2491166299217733,1.4881670623569423,1.1796381481555296,2.1203691855715667,10000,LGAD_V4_3_N590_OperatingScan/outputs/tcad_maps/T253_V510/n590_T253_V510_map.csv
253.0,530.0,-5.055e-11,stable,D5_high,2500000000000000.0,0.5,5e-16,7e-16,1.3317295681599233,1.5852542320674603,1.2561525477587951,2.2590828016017603,10000,LGAD_V4_3_N590_OperatingScan/outputs/tcad_maps/T253_V530/n590_T253_V530_map.csv
253.0,550.0,-3.796e-10,stable,D5_high,2500000000000000.0,0.5,5e-16,7e-16,1.4037017455657979,1.6693746560997544,1.3231894338071015,2.3794159990158437,10000,LGAD_V4_3_N590_OperatingScan/outputs/tcad_maps/T253_V550/n590_T253_V550_map.csv
253.0,570.0,-0.1089,breakdown,D5_high,2500000000000000.0,0.5,5e-16,7e-16,1.1197909867850364,1.3349370932237472,1.0583412398420076,1.9010846487305948,10000,LGAD_V4_3_N590_OperatingScan/outputs/tcad_maps/T253_V570/n590_T253_V570_map.csv
253.0,590.0,-0.1308,breakdown,D5_high,2500000000000000.0,0.5,5e-16,7e-16,1.12069016824426,1.3360196637466575,1.0592456846303382,1.9026925390176583,10000,LGAD_V4_3_N590_OperatingScan/outputs/tcad_maps/T253_V590/n590_T253_V590_map.csv
253.0,610.0,-0.1528,breakdown,D5_high,2500000000000000.0,0.5,5e-16,7e-16,1.1215487248682603,1.3371552929262127,1.0601664245531408,1.9043146088011556,10000,LGAD_V4_3_N590_OperatingScan/outputs/tcad_maps/T253_V610/n590_T253_V610_map.csv
300.0,450.0,-2.231e-08,stable,D0_undamaged,0.0,1.0,0.0,0.0,3.8779248046536283,4.576403312555543,3.6240594413028075,6.534489682302749,10000,LGAD_V4_3_N590_OperatingScan/outputs/tcad_maps/T300_V450/n590_T300_V450_map.csv
300.0,470.0,-3.398e-08,stable,D0_undamaged,0.0,1.0,0.0,0.0,4.285897471578865,5.056982301567514,4.00290515969127,7.2205618264507985,10000,LGAD_V4_3_N590_OperatingScan/outputs/tcad_maps/T300_V470/n590_T300_V470_map.csv
300.0,490.0,-6.815e-08,stable,D0_undamaged,0.0,1.0,0.0,0.0,4.741078187874605,5.592653445090464,4.42678619348356,7.98553540820207,10000,LGAD_V4_3_N590_OperatingScan/outputs/tcad_maps/T300_V490/n590_T300_V490_map.csv
300.0,510.0,-6.2e-06,transition,D0_undamaged,0.0,1.0,0.0,0.0,5.203946228138124,6.13713579482758,4.858355926984717,8.762956990436884,10000,LGAD_V4_3_N590_OperatingScan/outputs/tcad_maps/T300_V510/n590_T300_V510_map.csv
300.0,530.0,-0.02191,breakdown,D0_undamaged,0.0,1.0,0.0,0.0,5.207408930748901,6.141620855584158,4.861651040575398,8.76988557086429,10000,LGAD_V4_3_N590_OperatingScan/outputs/tcad_maps/T300_V530/n590_T300_V530_map.csv
300.0,550.0,-0.04167,breakdown,D0_undamaged,0.0,1.0,0.0,0.0,5.2089975270306255,6.143503426320036,4.863141677729933,8.772588368407824,10000,LGAD_V4_3_N590_OperatingScan/outputs/tcad_maps/T300_V550/n590_T300_V550_map.csv
300.0,570.0,-7.297e-06,transition,D0_undamaged,0.0,1.0,0.0,0.0,5.20360056021988,6.13672852653035,4.858033951770666,8.762654637891737,10000,LGAD_V4_3_N590_OperatingScan/outputs/tcad_maps/T300_V570/n590_T300_V570_map.csv
300.0,590.0,-0.08118,breakdown,D0_undamaged,0.0,1.0,0.0,0.0,5.210835428124117,6.145745345757396,4.864885555460732,8.775721765169486,10000,LGAD_V4_3_N590_OperatingScan/outputs/tcad_maps/T300_V590/n590_T300_V590_map.csv
300.0,610.0,-0.101,breakdown,D0_undamaged,0.0,1.0,0.0,0.0,5.211562341065323,6.146834527762898,4.865641714653194,8.777001353364607,10000,LGAD_V4_3_N590_OperatingScan/outputs/tcad_maps/T300_V610/n590_T300_V610_map.csv
300.0,450.0,-2.231e-08,stable,D1_low,500000000000000.0,0.9,5e-16,7e-16,2.8764969394737765,3.3856102819686615,2.681235024207218,4.835638335871567,10000,LGAD_V4_3_N590_OperatingScan/outputs/tcad_maps/T300_V450/n590_T300_V450_map.csv
300.0,470.0,-3.398e-08,stable,D1_low,500000000000000.0,0.9,5e-16,7e-16,3.1466923578465384,3.703547951561551,2.933078053179295,5.288632075893122,10000,LGAD_V4_3_N590_OperatingScan/outputs/tcad_maps/T300_V470/n590_T300_V470_map.csv
300.0,490.0,-6.815e-08,stable,D1_low,500000000000000.0,0.9,5e-16,7e-16,3.4451418018944935,4.055132230193245,3.2109835083390976,5.790683195692883,10000,LGAD_V4_3_N590_OperatingScan/outputs/tcad_maps/T300_V490/n590_T300_V490_map.csv
300.0,510.0,-6.2e-06,transition,D1_low,500000000000000.0,0.9,5e-16,7e-16,3.745770407770335,4.40909681216758,3.4909273522186046,6.2964008319721225,10000,LGAD_V4_3_N590_OperatingScan/outputs/tcad_maps/T300_V510/n590_T300_V510_map.csv
300.0,530.0,-0.02191,breakdown,D1_low,500000000000000.0,0.9,5e-16,7e-16,3.7493449691343845,4.413504830889627,3.4945355372659312,6.3025503893862815,10000,LGAD_V4_3_N590_OperatingScan/outputs/tcad_maps/T300_V530/n590_T300_V530_map.csv
300.0,550.0,-0.04167,breakdown,D1_low,500000000000000.0,0.9,5e-16,7e-16,3.751687402760946,4.416315849972534,3.49676246420734,6.306550449165264,10000,LGAD_V4_3_N590_OperatingScan/outputs/tcad_maps/T300_V550/n590_T300_V550_map.csv
300.0,570.0,-7.297e-06,transition,D1_low,500000000000000.0,0.9,5e-16,7e-16,3.745545136007015,4.408833704965467,3.490717524752925,6.296022861666464,10000,LGAD_V4_3_N590_OperatingScan/outputs/tcad_maps/T300_V570/n590_T300_V570_map.csv
300.0,590.0,-0.08118,breakdown,D1_low,500000000000000.0,0.9,5e-16,7e-16,3.7551408899078575,4.42050632255124,3.5000759870906553,6.312493906018686,10000,LGAD_V4_3_N590_OperatingScan/outputs/tcad_maps/T300_V590/n590_T300_V590_map.csv
300.0,610.0,-0.101,breakdown,D1_low,500000000000000.0,0.9,5e-16,7e-16,3.756596383040667,4.422392219876079,3.5015595214768354,6.315054315802558,10000,LGAD_V4_3_N590_OperatingScan/outputs/tcad_maps/T300_V610/n590_T300_V610_map.csv
300.0,450.0,-2.231e-08,stable,D2_medium_low,1000000000000000.0,0.8,5e-16,7e-16,2.140159048922601,2.5232528849594633,1.9984691059148987,3.603903739012976,10000,LGAD_V4_3_N590_OperatingScan/outputs/tcad_maps/T300_V450/n590_T300_V450_map.csv
300.0,470.0,-3.398e-08,stable,D2_medium_low,1000000000000000.0,0.8,5e-16,7e-16,2.3186166195667033,2.7318111191792194,2.1639337127585234,3.902900973563531,10000,LGAD_V4_3_N590_OperatingScan/outputs/tcad_maps/T300_V470/n590_T300_V470_map.csv
300.0,490.0,-6.815e-08,stable,D2_medium_low,1000000000000000.0,0.8,5e-16,7e-16,2.5137040704584592,2.960633873003286,2.345169819380327,4.22993028847534,10000,LGAD_V4_3_N590_OperatingScan/outputs/tcad_maps/T300_V490/n590_T300_V490_map.csv
300.0,510.0,-6.2e-06,transition,D2_medium_low,1000000000000000.0,0.8,5e-16,7e-16,2.708401763645469,3.188704214379379,2.526032724808322,4.553431195112172,10000,LGAD_V4_3_N590_OperatingScan/outputs/tcad_maps/T300_V510/n590_T300_V510_map.csv
300.0,530.0,-0.02191,breakdown,D2_medium_low,1000000000000000.0,0.8,5e-16,7e-16,2.71186144755326,3.1927204941838943,2.529146195511429,4.558970394436053,10000,LGAD_V4_3_N590_OperatingScan/outputs/tcad_maps/T300_V530/n590_T300_V530_map.csv
300.0,550.0,-0.04167,breakdown,D2_medium_low,1000000000000000.0,0.8,5e-16,7e-16,2.7144464394883236,3.195710939864755,2.5314857941772515,4.563088011160709,10000,LGAD_V4_3_N590_OperatingScan/outputs/tcad_maps/T300_V550/n590_T300_V550_map.csv
300.0,570.0,-7.297e-06,transition,D2_medium_low,1000000000000000.0,0.8,5e-16,7e-16,2.708258441670907,3.188534146475337,2.525896566745589,4.553186656365365,10000,LGAD_V4_3_N590_OperatingScan/outputs/tcad_maps/T300_V570/n590_T300_V570_map.csv
300.0,590.0,-0.08118,breakdown,D2_medium_low,1000000000000000.0,0.8,5e-16,7e-16,2.718516406954506,3.2004372257239133,2.5351967617978817,4.569705423719285,10000,LGAD_V4_3_N590_OperatingScan/outputs/tcad_maps/T300_V590/n590_T300_V590_map.csv
300.0,610.0,-0.101,breakdown,D2_medium_low,1000000000000000.0,0.8,5e-16,7e-16,2.7202407529158714,3.202483049177105,2.5368353215387884,4.572615558741012,10000,LGAD_V4_3_N590_OperatingScan/outputs/tcad_maps/T300_V610/n590_T300_V610_map.csv
300.0,450.0,-2.231e-08,stable,D3_medium,1500000000000000.0,0.7,5e-16,7e-16,1.6011923671557118,1.8958958674203403,1.502268237943867,2.704245908903105,10000,LGAD_V4_3_N590_OperatingScan/outputs/tcad_maps/T300_V450/n590_T300_V450_map.csv
300.0,470.0,-3.398e-08,stable,D3_medium,1500000000000000.0,0.7,5e-16,7e-16,1.7173775382918188,2.032804785263621,1.6098732306927623,2.899924288729767,10000,LGAD_V4_3_N590_OperatingScan/outputs/tcad_maps/T300_V470/n590_T300_V470_map.csv
300.0,490.0,-6.815e-08,stable,D3_medium,1500000000000000.0,0.7,5e-16,7e-16,1.843075944200332,2.1801848532698944,1.7266083278606994,3.111202002470125,10000,LGAD_V4_3_N590_OperatingScan/outputs/tcad_maps/T300_V490/n590_T300_V490_map.csv
300.0,510.0,-6.2e-06,transition,D3_medium,1500000000000000.0,0.7,5e-16,7e-16,1.9673146812003957,2.3256195895064025,1.841891334882599,3.3194565639191094,10000,LGAD_V4_3_N590_OperatingScan/outputs/tcad_maps/T300_V510/n590_T300_V510_map.csv
300.0,530.0,-0.02191,breakdown,D3_medium,1500000000000000.0,0.7,5e-16,7e-16,1.9702946600690008,2.329130143168552,1.8445894128617564,3.324404536909595,10000,LGAD_V4_3_N590_OperatingScan/outputs/tcad_maps/T300_V530/n590_T300_V530_map.csv
300.0,550.0,-0.04167,breakdown,D3_medium,1500000000000000.0,0.7,5e-16,7e-16,1.9727026424829526,2.3318392480500973,1.8467319863711,3.328342661460136,10000,LGAD_V4_3_N590_OperatingScan/outputs/tcad_maps/T300_V550/n590_T300_V550_map.csv
300.0,570.0,-7.297e-06,transition,D3_medium,1500000000000000.0,0.7,5e-16,7e-16,1.967222713807034,2.3255134524100973,1.84180496450329,3.319297325256865,10000,LGAD_V4_3_N590_OperatingScan/outputs/tcad_maps/T300_V570/n590_T300_V570_map.csv
300.0,590.0,-0.08118,breakdown,D3_medium,1500000000000000.0,0.7,5e-16,7e-16,1.9766078489381194,2.3362366282948654,1.850226893555991,3.3348458087230535,10000,LGAD_V4_3_N590_OperatingScan/outputs/tcad_maps/T300_V590/n590_T300_V590_map.csv
300.0,610.0,-0.101,breakdown,D3_medium,1500000000000000.0,0.7,5e-16,7e-16,1.9782777496017654,2.338154089670194,1.851764730111731,3.3377846402917672,10000,LGAD_V4_3_N590_OperatingScan/outputs/tcad_maps/T300_V610/n590_T300_V610_map.csv
300.0,450.0,-2.231e-08,stable,D4_medium_high,2000000000000000.0,0.6,5e-16,7e-16,1.2066513762439948,1.437265844409393,1.1392446990326055,2.048598024419166,10000,LGAD_V4_3_N590_OperatingScan/outputs/tcad_maps/T300_V450/n590_T300_V450_map.csv
300.0,470.0,-3.398e-08,stable,D4_medium_high,2000000000000000.0,0.6,5e-16,7e-16,1.2812237743640518,1.52422804599611,1.2081981483978441,2.1731625849796097,10000,LGAD_V4_3_N590_OperatingScan/outputs/tcad_maps/T300_V470/n590_T300_V470_map.csv
300.0,490.0,-6.815e-08,stable,D4_medium_high,2000000000000000.0,0.6,5e-16,7e-16,1.36105007678941,1.6178273525152695,1.2822088712480377,2.3065773968854586,10000,LGAD_V4_3_N590_OperatingScan/outputs/tcad_maps/T300_V490/n590_T300_V490_map.csv
300.0,510.0,-6.2e-06,transition,D4_medium_high,2000000000000000.0,0.6,5e-16,7e-16,1.4391573067256194,1.709433771202647,1.3548344426980325,2.4377690865810613,10000,LGAD_V4_3_N590_OperatingScan/outputs/tcad_maps/T300_V510/n590_T300_V510_map.csv
300.0,530.0,-0.02191,breakdown,D4_medium_high,2000000000000000.0,0.6,5e-16,7e-16,1.44162482844134,1.7122067893326791,1.3570028531610094,2.441848938929202,10000,LGAD_V4_3_N590_OperatingScan/outputs/tcad_maps/T300_V530/n590_T300_V530_map.csv
300.0,550.0,-0.04167,breakdown,D4_medium_high,2000000000000000.0,0.6,5e-16,7e-16,1.4437193219357165,1.7145054787207394,1.3588193670746689,2.4451870015899133,10000,LGAD_V4_3_N590_OperatingScan/outputs/tcad_maps/T300_V550/n590_T300_V550_map.csv
300.0,570.0,-7.297e-06,transition,D4_medium_high,2000000000000000.0,0.6,5e-16,7e-16,1.439099075068377,1.709365172749844,1.3547799110454535,2.4376696670388904,10000,LGAD_V4_3_N590_OperatingScan/outputs/tcad_maps/T300_V570/n590_T300_V570_map.csv
300.0,590.0,-0.08118,breakdown,D4_medium_high,2000000000000000.0,0.6,5e-16,7e-16,1.4471753229636404,1.7182960088531214,1.3618166350554752,2.4504971813348733,10000,LGAD_V4_3_N590_OperatingScan/outputs/tcad_maps/T300_V590/n590_T300_V590_map.csv
300.0,610.0,-0.101,breakdown,D4_medium_high,2000000000000000.0,0.6,5e-16,7e-16,1.448660862550198,1.7199693786144912,1.3631288814978688,2.4528087452458176,10000,LGAD_V4_3_N590_OperatingScan/outputs/tcad_maps/T300_V610/n590_T300_V610_map.csv
300.0,450.0,-2.231e-08,stable,D5_high,2500000000000000.0,0.5,5e-16,7e-16,0.937052633875036,1.1003952847597143,0.8724688102654341,1.5660955576307163,10000,LGAD_V4_3_N590_OperatingScan/outputs/tcad_maps/T300_V450/n590_T300_V450_map.csv
300.0,470.0,-3.398e-08,stable,D5_high,2500000000000000.0,0.5,5e-16,7e-16,0.9718851766551015,1.155197896078428,0.9156254564623715,1.6432198943680036,10000,LGAD_V4_3_N590_OperatingScan/outputs/tcad_maps/T300_V470/n590_T300_V470_map.csv
300.0,490.0,-6.815e-08,stable,D5_high,2500000000000000.0,0.5,5e-16,7e-16,1.0199629666248415,1.2131510685420608,0.9616428807739343,1.725182231332423,10000,LGAD_V4_3_N590_OperatingScan/outputs/tcad_maps/T300_V490/n590_T300_V490_map.csv
300.0,510.0,-6.2e-06,transition,D5_high,2500000000000000.0,0.5,5e-16,7e-16,1.0665488637983915,1.269551713118069,1.006335452279292,1.8059767073955306,10000,LGAD_V4_3_N590_OperatingScan/outputs/tcad_maps/T300_V510/n590_T300_V510_map.csv
300.0,530.0,-0.02191,breakdown,D5_high,2500000000000000.0,0.5,5e-16,7e-16,1.068359409431746,1.2717580488798053,1.008139435264366,1.809149652979708,10000,LGAD_V4_3_N590_OperatingScan/outputs/tcad_maps/T300_V530/n590_T300_V530_map.csv
300.0,550.0,-0.04167,breakdown,D5_high,2500000000000000.0,0.5,5e-16,7e-16,1.0699430838138677,1.2737123625575821,1.0096510084265802,1.8118637353376779,10000,LGAD_V4_3_N590_OperatingScan/outputs/tcad_maps/T300_V550/n590_T300_V550_map.csv
300.0,570.0,-7.297e-06,transition,D5_high,2500000000000000.0,0.5,5e-16,7e-16,1.0665130567835643,1.2695095479472083,1.0063025371415637,1.8059144025440141,10000,LGAD_V4_3_N590_OperatingScan/outputs/tcad_maps/T300_V570/n590_T300_V570_map.csv
300.0,590.0,-0.08118,breakdown,D5_high,2500000000000000.0,0.5,5e-16,7e-16,1.0725696132650129,1.2768369768390362,1.0121431539856127,1.816450423763697,10000,LGAD_V4_3_N590_OperatingScan/outputs/tcad_maps/T300_V590/n590_T300_V590_map.csv
300.0,610.0,-0.101,breakdown,D5_high,2500000000000000.0,0.5,5e-16,7e-16,1.0736990922983498,1.2782048037658327,1.0132285014918012,1.8185045427556072,10000,LGAD_V4_3_N590_OperatingScan/outputs/tcad_maps/T300_V610/n590_T300_V610_map.csv
